{"cameraMode":{"drawMode":0,"name":"Shaded","section":"Shading Mode"},"sceneLighting":false,"audioPlay":false,"sceneViewState":{"showFog":true,"showMaterialUpdate":false,"showSkybox":false,"showFlares":true,"showImageEffects":true,"showParticleSystems":true,"showVisualEffectGraphs":true,"m_FxEnabled":true},"in2DMode":false,"pivot":{"x":-29.561466217041017,"y":4.893011093139648,"z":-2.6557388305664064},"rotation":{"x":0.26816219091415408,"y":-0.010115186683833599,"z":0.0028157851193100216,"w":0.9633176326751709},"size":12.12435531616211,"orthographic":false}