{"cameraMode":{"drawMode":0,"name":"Shaded","section":"Shading Mode"},"sceneLighting":false,"audioPlay":false,"sceneViewState":{"m_AlwaysRefresh":false,"showFog":true,"showSkybox":false,"showFlares":true,"showImageEffects":true,"showParticleSystems":true,"showVisualEffectGraphs":true,"m_FxEnabled":true},"in2DMode":false,"pivot":{"x":-46.900001525878909,"y":3.259999990463257,"z":-7.150000095367432},"rotation":{"x":-0.41753286123275759,"y":-0.017174696549773217,"z":0.007893885485827923,"w":-0.9084679484367371},"size":0.8660253882408142,"orthographic":false}