{"cameraMode":{"drawMode":0,"name":"Shaded","section":"Shading Mode"},"sceneLighting":false,"audioPlay":false,"sceneViewState":{"m_AlwaysRefresh":false,"showFog":true,"showSkybox":false,"showFlares":true,"showImageEffects":true,"showParticleSystems":true,"showVisualEffectGraphs":true,"m_FxEnabled":true},"in2DMode":false,"pivot":{"x":-231.69664001464845,"y":2.9200000762939455,"z":216.2999725341797},"rotation":{"x":-0.059963081032037738,"y":-0.008078320883214474,"z":0.00046274150372482836,"w":-0.9981964230537415},"size":4.330127239227295,"orthographic":false}