{"cameraMode":{"drawMode":0,"name":"Shaded","section":"Shading Mode"},"sceneLighting":false,"audioPlay":false,"sceneViewState":{"m_AlwaysRefresh":false,"showFog":true,"showSkybox":false,"showFlares":true,"showImageEffects":true,"showParticleSystems":true,"showVisualEffectGraphs":true,"m_FxEnabled":true},"in2DMode":false,"pivot":{"x":1.3954510688781739,"y":4.290956497192383,"z":0.06977105140686035},"rotation":{"x":0.04943646863102913,"y":0.04193638637661934,"z":-0.0020773711148649456,"w":0.9978996515274048},"size":1.9259337186813355,"orthographic":false}