{"cameraMode":{"drawMode":0,"name":"Shaded","section":"Shading Mode"},"sceneLighting":false,"audioPlay":false,"sceneViewState":{"m_AlwaysRefresh":false,"showFog":true,"showSkybox":false,"showFlares":true,"showImageEffects":true,"showParticleSystems":true,"showVisualEffectGraphs":true,"m_FxEnabled":true},"in2DMode":false,"pivot":{"x":19.061534881591798,"y":6.062719345092773,"z":-6.118721961975098},"rotation":{"x":0.10180788487195969,"y":-0.019395852461457254,"z":0.0019754664972424509,"w":0.9946556091308594},"size":5.409408092498779,"orthographic":false}