{"cameraMode":{"drawMode":0,"name":"Shaded","section":"Shading Mode"},"sceneLighting":false,"audioPlay":false,"sceneViewState":{"m_AlwaysRefresh":false,"showFog":true,"showSkybox":false,"showFlares":true,"showImageEffects":true,"showParticleSystems":true,"showVisualEffectGraphs":true,"m_FxEnabled":true},"in2DMode":false,"pivot":{"x":-223.8810272216797,"y":7.739999771118164,"z":247.89999389648438},"rotation":{"x":-0.22361381351947785,"y":0.14210975170135499,"z":-0.032996345311403278,"w":-0.9637259840965271},"size":12.247448921203614,"orthographic":false}