{"cameraMode":{"drawMode":0,"name":"Shaded","section":"Shading Mode"},"sceneLighting":false,"audioPlay":false,"sceneViewState":{"m_AlwaysRefresh":false,"showFog":true,"showSkybox":false,"showFlares":true,"showImageEffects":true,"showParticleSystems":true,"showVisualEffectGraphs":true,"m_FxEnabled":true},"in2DMode":false,"pivot":{"x":7.644728660583496,"y":6.447362899780273,"z":-6.199603080749512},"rotation":{"x":0.10180788487195969,"y":-0.019395852461457254,"z":0.0019754664972424509,"w":0.9946556091308594},"size":9.84591007232666,"orthographic":false}