{"cameraMode":{"drawMode":0,"name":"Shaded","section":"Shading Mode"},"sceneLighting":false,"audioPlay":false,"sceneViewState":{"m_AlwaysRefresh":false,"showFog":true,"showSkybox":false,"showFlares":true,"showImageEffects":true,"showParticleSystems":true,"showVisualEffectGraphs":true,"m_FxEnabled":true},"in2DMode":false,"pivot":{"x":0.6253384351730347,"y":5.379140377044678,"z":0.2027825117111206},"rotation":{"x":0.04943646863102913,"y":0.04193638637661934,"z":-0.0020773711148649456,"w":0.9978996515274048},"size":1.5915039777755738,"orthographic":false}