{"cameraMode":{"drawMode":0,"name":"Shaded","section":"Shading Mode"},"sceneLighting":false,"audioPlay":false,"sceneViewState":{"m_AlwaysRefresh":false,"showFog":true,"showSkybox":false,"showFlares":true,"showImageEffects":true,"showParticleSystems":true,"showVisualEffectGraphs":true,"m_FxEnabled":true},"in2DMode":false,"pivot":{"x":415.08538818359377,"y":206.67727661132813,"z":-29.062358856201173},"rotation":{"x":0.01468975655734539,"y":-0.002402766142040491,"z":-0.0000352505776390899,"w":-0.9998903274536133},"size":253.1375274658203,"orthographic":false}