{"cameraMode":{"drawMode":0,"name":"Shaded","section":"Shading Mode"},"sceneLighting":false,"audioPlay":false,"sceneViewState":{"m_AlwaysRefresh":false,"showFog":true,"showSkybox":false,"showFlares":true,"showImageEffects":true,"showParticleSystems":true,"showVisualEffectGraphs":true,"m_FxEnabled":true},"in2DMode":false,"pivot":{"x":-194.34786987304688,"y":2.4099998474121095,"z":212.39999389648438},"rotation":{"x":0.0035511187743395569,"y":-0.995226263999939,"z":0.08981149643659592,"w":0.03913550823926926},"size":15.500165939331055,"orthographic":false}